{
  "up_precision": 0.39080459770114945,
  "up_recall": 1.0,
  "up_f1": 0.5619834710743802,
  "up_threshold": 0.4,
  "up_positive_rate": 1.0,
  "down_precision": 0.5714285714285714,
  "down_recall": 0.43478260869565216,
  "down_f1": 0.49382716049382713,
  "down_threshold": 0.5000000000000001,
  "down_positive_rate": 0.40229885057471265,
  "accuracy": 0.4942528735632184,
  "naive_flat_accuracy": 0.08045977011494253,
  "high_confidence_accuracy": 0.631578947368421,
  "high_confidence_count": 19,
  "total_test_samples": 87,
  "naive_majority_accuracy": 0.5287356321839081,
  "test_class_distribution": {
    "1": 0.6091954022988506,
    "-1": 0.39080459770114945
  },
  "model_collapsed": false,
  "up_best_iteration": 2,
  "down_best_iteration": 120,
  "up_num_trees": 2,
  "down_num_trees": 120,
  "naive_sign_accuracy": 0.3333333333333333,
  "up_feature_importance": {
    "volatility_5m": 36.41599941253662,
    "return_3m": 24.28096032142639,
    "volatility_60m": 19.554099798202515,
    "return_1m": 18.410200119018555,
    "macd_signal": 9.078169822692871,
    "xau_eurusd_corr_60m": 7.584380149841309,
    "return_10m": 5.5453200340271,
    "return_5m": 5.404799938201904,
    "vol_regime_class": 3.933850049972534,
    "return_15m": 0.0,
    "volatility_15m": 0.0,
    "atr_pct": 0.0,
    "rsi": 0.0,
    "macd": 0.0,
    "macd_hist": 0.0,
    "ema_ratio_9": 0.0,
    "ema_ratio_21": 0.0,
    "ema_ratio_50": 0.0,
    "bb_zscore": 0.0,
    "session_london": 0.0,
    "session_ny": 0.0,
    "session_overlap": 0.0,
    "hour_sin": 0.0,
    "hour_cos": 0.0,
    "atr_14": 0.0,
    "directional_vol_regime": 0.0,
    "xau_usdjpy_corr_60m": 0.0
  },
  "down_feature_importance": {
    "xau_eurusd_corr_60m": 759.7487028837204,
    "volatility_5m": 357.6772406101227,
    "macd": 356.7788097858429,
    "return_3m": 343.2959794998169,
    "macd_hist": 308.1993808746338,
    "return_5m": 278.46582984924316,
    "directional_vol_regime": 247.51637947559357,
    "return_10m": 233.92147934436798,
    "xau_usdjpy_corr_60m": 186.3236002922058,
    "macd_signal": 180.41517877578735,
    "volatility_15m": 153.64558017253876,
    "volatility_60m": 146.40307068824768,
    "return_1m": 114.31683015823364,
    "rsi": 71.38298058509827,
    "atr_pct": 68.42335975170135,
    "ema_ratio_50": 67.35117053985596,
    "ema_ratio_9": 62.799015283584595,
    "return_15m": 57.34542977809906,
    "vol_regime_class": 53.00157952308655,
    "ema_ratio_21": 41.91453015804291,
    "bb_zscore": 29.950750470161438,
    "atr_14": 26.784929752349854,
    "hour_cos": 1.901479959487915,
    "session_london": 0.0,
    "session_ny": 0.0,
    "session_overlap": 0.0,
    "hour_sin": 0.0
  },
  "validation_class_distribution": {
    "1": 0.7368421052631579,
    "-1": 0.2631578947368421
  },
  "backtest": {
    "timestamps": [
      "2026-07-16 16:04:00",
      "2026-07-16 16:05:00",
      "2026-07-16 16:06:00",
      "2026-07-16 16:07:00",
      "2026-07-16 16:08:00",
      "2026-07-16 16:09:00",
      "2026-07-16 16:10:00",
      "2026-07-16 16:11:00",
      "2026-07-16 16:12:00",
      "2026-07-16 16:13:00",
      "2026-07-16 16:14:00",
      "2026-07-16 16:15:00",
      "2026-07-16 16:16:00",
      "2026-07-16 16:17:00",
      "2026-07-16 16:18:00",
      "2026-07-16 16:19:00",
      "2026-07-16 16:20:00",
      "2026-07-16 16:21:00",
      "2026-07-16 16:22:00",
      "2026-07-16 16:23:00",
      "2026-07-16 16:24:00",
      "2026-07-16 16:25:00",
      "2026-07-16 16:26:00",
      "2026-07-16 16:27:00",
      "2026-07-16 16:28:00",
      "2026-07-16 16:29:00",
      "2026-07-16 16:30:00",
      "2026-07-16 16:31:00",
      "2026-07-16 16:32:00",
      "2026-07-16 16:33:00",
      "2026-07-16 16:34:00",
      "2026-07-16 16:35:00",
      "2026-07-16 16:36:00",
      "2026-07-16 16:37:00",
      "2026-07-16 16:38:00",
      "2026-07-16 16:39:00",
      "2026-07-16 16:40:00",
      "2026-07-16 16:41:00",
      "2026-07-16 16:42:00",
      "2026-07-16 16:43:00",
      "2026-07-16 16:44:00",
      "2026-07-16 16:45:00",
      "2026-07-16 16:46:00",
      "2026-07-16 16:47:00",
      "2026-07-16 16:48:00",
      "2026-07-16 16:49:00",
      "2026-07-16 16:50:00",
      "2026-07-16 16:51:00",
      "2026-07-16 16:52:00",
      "2026-07-16 16:53:00",
      "2026-07-16 16:54:00",
      "2026-07-16 16:55:00",
      "2026-07-16 16:56:00",
      "2026-07-16 16:57:00",
      "2026-07-16 16:58:00",
      "2026-07-16 16:59:00",
      "2026-07-16 17:00:00",
      "2026-07-16 17:01:00",
      "2026-07-16 17:02:00",
      "2026-07-16 17:03:00",
      "2026-07-16 17:04:00",
      "2026-07-16 17:05:00",
      "2026-07-16 17:06:00",
      "2026-07-16 17:07:00",
      "2026-07-16 17:08:00",
      "2026-07-16 17:09:00",
      "2026-07-16 17:10:00",
      "2026-07-16 17:11:00",
      "2026-07-16 17:12:00",
      "2026-07-16 17:13:00",
      "2026-07-16 17:14:00",
      "2026-07-16 17:15:00",
      "2026-07-16 17:16:00",
      "2026-07-16 17:17:00",
      "2026-07-16 17:18:00",
      "2026-07-16 17:19:00",
      "2026-07-16 17:20:00",
      "2026-07-16 17:21:00",
      "2026-07-16 17:22:00",
      "2026-07-16 17:23:00",
      "2026-07-16 17:24:00",
      "2026-07-16 17:25:00",
      "2026-07-16 17:26:00",
      "2026-07-16 17:27:00",
      "2026-07-16 17:28:00",
      "2026-07-16 17:29:00",
      "2026-07-16 17:30:00"
    ],
    "model_cumulative_returns": [
      -0.0007128769659701188,
      -0.0013209616909822548,
      -0.0010311824802661162,
      -0.00030710577396168305,
      0.0004603555415300069,
      0.0013056923511118156,
      0.0023066395232444643,
      0.002041139214747827,
      0.0014685138622660822,
      0.0008456512887731586,
      0.00015866603587619287,
      -0.0005612470860386366,
      0.00015970135441327775,
      2.394668307993355e-05,
      0.00014208596250309471,
      2.163111796177316e-05,
      0.0006230143540095299,
      0.0012356710288741733,
      0.0016583183189683164,
      0.0020183269873645807,
      0.0027379114101592954,
      0.00292601629307821,
      0.003476429082085059,
      0.003863901683825978,
      0.004161044724665371,
      0.0035067539830520786,
      0.002564658287925679,
      0.0013425821858957662,
      -5.178187643039775e-08,
      -0.0016550796100271053,
      -0.0030569904193098888,
      -0.003182302936039146,
      -0.002624205009183713,
      -0.002354368038678721,
      -0.0018469424601110628,
      -0.0011206506921457244,
      -0.0012125462988755375,
      -0.001250212806835025,
      -0.0007691637024688886,
      -0.0003387579237442969,
      -0.0008149472964922188,
      -0.0001894905426669261,
      0.00013286392244755746,
      -0.00018894505052147967,
      -0.0006763241402231282,
      -0.0010817480325048718,
      -0.0005626608021909783,
      2.7779876174481946e-05,
      0.000578240621128213,
      0.00011306521214444608,
      -0.00020725205145351343,
      -0.00018834394786638244,
      -0.0007029390731571052,
      -0.0015855280255576553,
      -0.0021393730346508134,
      -0.002650396838185882,
      -0.0030470527345475003,
      -0.003098272170126118,
      -0.002771881269593668,
      -0.002658056596081194,
      -0.002767216323529953,
      -0.002788291701085944,
      -0.003135102969045283,
      -0.0030687152608132877,
      -0.0029350466477722085,
      -0.002361686848464145,
      -0.0017037448517740138,
      -0.0004982627093000685,
      -0.001559295449621169,
      -0.0023196591982045565,
      -0.002999236008310637,
      -0.0034600951497327013,
      -0.003226702223904206,
      -0.002703603741084206,
      -0.002501995946625563,
      -0.0022622290681635253,
      -0.0020497876482092926,
      -0.0017477717155785651,
      -0.0012767787025941635,
      -0.0012944250817497488,
      -0.0011621607385010743,
      -0.001266672059127358,
      -0.001486630071750718,
      -0.0017858715931874788,
      -0.0015328601671524488,
      -0.0013737605702259577,
      -0.0016530505465376891
    ],